name,author
Agent every development say,Sharon Lester
Beautiful instead ahead despite measure ago current,Jack Sandoval
Information last everything thank serve civil institution,Tony Ramsey
Choice whatever from behavior benefit,Brian Navarro
Page southern role movie win her,Kelly Calderon
Fall pick those gun court attorney product,Tara King
World talk term herself law,Cynthia Martinez
Class great prove reduce raise author,Erin Silva
Move each left establish,Paul Young
Detail food shoulder argue start source husband,Charles Thompson
Decision wall then fire,Jessica King
How trip learn enter east no enjoy,Katherine Brooks
Investment on gun young catch management sense technology,Emily Coleman
Physical society instead as,Tracey Suarez
Other life edge network wall quite,Heidi Baldwin
Race Mr environment political,Alisha Rasmussen
Fall citizen about reveal,Sarah Bates
Will seven medical blood personal,Melissa Mccormick
Participant check several much single morning a,Juan Parker
Major born guy world southern dream,Heidi Burnett
There water beat magazine attorney,Sean Mathews
She campaign little near enter their institution,Theodore Long
Up sense ready require human,Dawn Davis
Just military building different full open,Cynthia Clark
Open according remain arrive attack,Sydney Welch
Teacher audience draw,Pamela Sullivan
Democrat car very number line six space,Sean Morrow
Behind probably great in tell,Kaitlin Gutierrez
Pull worker better,Michelle Mcdowell
Rock song body court movie cell,Samantha Hale
Everything economic type kitchen,Heather Guzman
Better present music address behavior send door,Nancy Chavez
Magazine degree husband around her world,Anthony May
Unit size expect recent room,Rachel Taylor
Product main couple design around save article,Mark Edwards
Arm once me system church whether,Christopher Black
Surface attention attack technology,Sandra Hines
Build three east organization people information,Melissa Sparks
North first end prove fire enter capital population,John Moss
First sell authority leader your you available,Michael Serrano
Media car give attention each,Christina Perry
Citizen street region particularly would,Shawn Duffy
Account stage federal professional voice care break,Courtney Vaughan
Score choice example decision,Maria Sims
Data plant enough major town suffer,Valerie Gonzalez
Plant stop analysis four,Caroline Morales
Pm energy scientist necessary,David Davis
Night born war real chance along,Travis Wilson
Old challenge camera final together someone,Jessica Mora
Together decide economic,Michael Wilson
Government nice themselves wind,Cheryl Atkins
Understand door class son,Donna Snyder
Thing agent say forward,Scott Greene
Soon ten specific environment skin blue,Diane Byrd MD
Teach develop staff,Charles Roberts
Glass star the development process huge everything,Luke Solomon
Whom evidence political hundred,Michael Ellis
Former agree theory end oil worker although,Casey Morris
Its rock finish paper memory history office effort,Melissa Reeves
Ability understand Mrs rest score provide,Nancy Scott
Issue we TV perhaps professional by,Anthony Cook
Medical project for recent never,Terry Barajas
Inside wait quality total past,Tracy George
Image street fight decision size,Amber King
Pressure let kind degree list top somebody college,Elizabeth Foster
Exist professional people behavior,Walter Hansen
Pull different current agency each,Debbie Gordon
Particularly shoulder lay though offer responsibility himself,Sherry Anderson
During prevent accept seem show blood,Joseph Thomas
Despite sound receive let newspaper true,Andrew Anderson
Lead soon property write,Sandy Adkins
Fish sense kind spring throughout interview trade knowledge,Diane Mcdowell
Season listen else easy,Pam Baker
She miss phone ever back,Steven Stewart
Doctor from throw ball character,Pamela Hernandez DVM
Really relationship ask imagine my indeed,Rebecca Brown
Strategy hope show watch affect,David Johnson
Herself accept goal send table well industry,Michael Graham
Son today major event magazine home protect,Tammy Williams MD
Right subject try wonder move trade,Karina Vasquez
North agree poor career left anyone here deep,Sharon Martinez
Front they everything week instead strong,Sean White
Affect much yourself glass practice sit prepare,Jordan Nelson
Wear current after,Laurie Silva
Draw list boy way,Kelly Duncan
Record short cold parent security boy standard,Billy Tate
Blue agent find quality when,Stacy Johnson
Walk cup option store drug recent,Melanie Long
Sure outside building worker site,Tiffany Hood
Mouth product attention positive actually information,Brad Rivas
Black whether player stock religious itself safe,Jordan Moses
Pattern try simple let stay,Abigail Booker
Environmental system store beautiful think during let particular,Tiffany Nguyen
From management foot maintain great election,Morgan Bernard
They red everybody act way,Christine Williams
Drop image new drive,Erica Brown
Position make society behavior develop reality fill,Trevor James
Hard network gas you nearly goal law fill,Christopher Hanna
Building court build movie several,Ann Phelps
Course school everybody operation,Richard Mitchell
Others wonder strategy fast guess few remain,Martha Martinez
Ever window network recently,Jeffrey Drake MD
Point sell bill activity,Bonnie Wade
Light key continue anything wait,Kayla Burns
Box assume man officer rather charge specific,Karen Hart
Be easy newspaper indicate other,Peter Shepherd
Difficult mission late kind team wrong figure perform,Jessica Simmons
Whether between several personal enough ball dream necessary,Glenn Ford
Able late order fact,Michael Moore
Explain executive teacher author do,Mark Warren IV
Skin person product value interesting,Terry Woods
Different chance enter central arrive society organization,Carl Leach
Tv keep light fight I evening music,Kelly Phillips
Ball always it focus economy before,Billy Williams
Onto again share start office several compare,Jeffery Davis
Prepare trouble consider one play man before,Laura King
Impact fly bit claim in many,Brad Gordon
Spend nearly lawyer fire follow wife,Matthew White
Ten stay ability thank left approach,James Miller
Gun series personal service data near until,Elizabeth Matthews
Thing machine ahead picture son report,Michael Hanson
Nearly need behavior yeah tree,Vincent Savage
Water positive child usually factor relate indeed,Cody Burgess
Woman during necessary himself two meet these,Shelby Rodriguez
Everybody so increase various,Abigail Wilson
Environment able rise study oil process tend,John Holt
Mrs generation necessary myself lay focus country,Tracy Guzman
Occur do simply analysis seat,Mr. William Ward
History professional star wonder manager already,Melissa Foster
Whole forward beyond suddenly between treat address,Calvin Smith
Improve pressure child light,Alan Waller
Full realize power system system,Christine Wong
Here first responsibility service their along attention,Jessica Garrett
Range explain dinner bed within set region beyond,Cheryl Turner
Really tough animal someone,John Johnson
Grow issue each include radio,Christian Park
Color bad that people,Kaitlyn Heath
Marriage on discussion point least,Christina Hudson
Together let explain,Amber Smith
Citizen kid generation onto police interesting economic,Michelle Petty
Current his low down occur,Nancy Larson
Fast recognize against stop how account ten,Donna Freeman
Treat seat strategy,Mr. Logan Gregory
Simply discover soon despite couple,Katherine Klein
Question return process stuff pick,Jennifer Stewart
Position final kid often run bed far section,Steven Butler
Customer skill theory hand,Johnny Mcmillan
Tree store either station loss southern second,Michael Smith
Sound life away senior difficult put,Corey Cooper
Whose source hand so add Mr,Daniel Stout
Happy see energy herself police he push,Lance Kirby
Agent this no trip determine as statement,Bonnie Carter
Power bring animal also you,Toni Whitaker
Best thought career law,Morgan Flynn
Industry score choice increase between majority impact,Sarah Howell
Allow have kitchen wear talk,Paul Estrada
Wonder happen top population,Curtis Obrien
Huge couple business summer,Jason Chaney
Begin deep police wife anything four writer,Daniel Williams
Day stop never only spend do similar,Stanley Kelly
Able teach certain candidate economy company produce ago,Ronald Kline
Group small open,Arthur Jordan
Company appear score,Barbara Walker
Box as large gun order later develop,Gerald Kelly
Analysis situation term miss leader who article look,Shawn Adams
International blue Republican kitchen tonight focus,Michael Robertson
Assume every plan nature,Michelle House
Herself our far measure involve soldier,Jim Skinner
Table prepare shoulder result,Brian Bishop
Involve thousand including still human,Theresa Colon
Fine fine effort well,Brian Soto
Attack story behavior benefit school speech news,Susan Moore
What no prove improve them wait institution trouble,Jeremy Hunter
Why outside goal,Annette Holland
Medical choice lot suggest glass news boy,Chad Allison
Off southern suddenly window stand,Jason Mack
Push news participant price really ahead event several,Robert Peterson
Go consider century price attorney scientist,Angela Watson
Begin most heavy,Heather Ortega
Game have return since nothing be apply,Paul Fisher
Senior anyone bank kitchen,Robert Gutierrez
Magazine kind event sense box involve,Jimmy Phelps
Question or money final determine,Heidi Johnson
Area daughter war should share face build market,Adam Drake
Compare herself region matter street south,Angela Edwards
However score job least,Mrs. Amy Malone
Television office of remember,Margaret Orr
Face if whom commercial way least,Mark Reeves
Because such during open model how,Kelly Phillips
Second develop single baby plan,Michael Spencer
Member town glass road standard spring door,Patrick Blankenship
Eight community check service,Douglas Rose
Concern significant management senior,Melody Griffin
Large under north play person ten physical character,Joshua Kramer
Light place someone option,Melissa Barron
Medical financial later arm story baby,Jennifer Gonzalez
Past medical leg never,Andrew Cook
Last special prepare,Natalie Martinez
Painting may whatever late specific study,Diane Davis DDS
Mean common easy just,Nicole Moore
Model particular hair truth hold simple,Robert Vargas
Appear piece free form newspaper hit edge surface,Raymond Barber
Their four old center glass whose recognize hot,Mrs. Amy Watson
Remember be next poor foreign campaign reflect water,Heather Williams
Behavior provide meet adult final week game,Belinda Evans
Court yourself choice fast small medical music,Jody Bird
Also from short capital heavy class story,Virginia Cunningham
Speak close join improve put down know expect,Lori Ferguson
Doctor dream whole six tough create question,Hayley Mitchell
Worker left example high month whom stage,Michelle Chambers
Catch economic political them never bill suffer surface,Kelly Wright
Base civil last message store,Kevin Carson
Watch develop later glass,Brent Dawson
Increase how hear,Angela Brown
Yes heart agreement us stuff practice,Karen Griffin
Case expert stop receive,Joseph Chapman
Serve light past town,Jennifer Baker
Eight strong nature,Mr. Jeremiah Galvan MD
Month book explain feeling answer information soldier lead,Samantha Thomas
Student matter movie place,Michael Anderson
Drop century investment pass drive indicate professor,Sharon Wilson
Model guess well name,John Francis
Never hospital like player wonder effect administration,Jaclyn Crane
General run pick sign,Jennifer Martinez
Card good full poor store range,Amanda Hernandez
Place specific as simply leader fall analysis,William Turner
Though firm financial huge spring,Dr. Charles Lawrence
Education send course ground sit tend forward,Steven Small
Son join hundred keep,Robert Burns
Fund cost reality happen something entire,Gregory Harrell
Risk bad own state,Kenneth Knight
Family bill foreign fast knowledge response coach,Rachael Alvarez
Goal amount thank good your ever,Lisa Gill
Avoid point guy song,Julia Cole
Well central parent sit,Sean Nguyen
Call door population,Mary Ortiz
Him note painting quickly we head,James Weaver
Off morning huge power,Stacy Fitzgerald
Whether ago control military trial,Sharon Mann
Energy employee land you,Rebecca Zimmerman
Really your customer career available,Becky Hansen
Together knowledge because radio,Luke Ray
Property remember nearly face feel church,Kelly Lopez
Soldier meeting building cut,Steven Martinez
Door management guess occur,Catherine Smith
Sound necessary partner beat finally yourself rest,Danielle Thornton
Improve important offer by first avoid letter,Jill Roman
General there sister policy consider whom item,Jennifer Williams
Story million fight class,Allison Kim
Generation wait thus suffer economy,Scott Stewart
Ever person pass behavior political option oil,Brian Garcia
Probably result painting successful,Charles Scott
American tell ball we side enough decision,Eric Russell
Indicate police marriage phone face what lot,Lucas Nguyen
Father authority art keep machine daughter,Anthony Price
Century technology floor write generation human set middle,Jason Nguyen
Five letter environment easy,Ronald Martinez
Anything war ten industry,Paul Willis
Spend value return couple,Paul Cruz Jr.
Marriage method material final,John Russell
Bed hotel lead,Mr. David Mercado
Democrat good anything manager think,Victor Leonard
Experience account blue care enough hand idea,Justin Glover
Hundred now crime,Jason Miller
Eye hit late near stay perhaps particularly,Christina Faulkner
Window hour some fund,William Casey
Sense current meeting matter and case,Jessica Buck
Sound mind chance throw cause use,Aaron Marshall
Class wrong school federal from stock,Donna Stanton
Majority none little admit former body indicate,Timothy Olson
Someone rise read ago listen,Sara James
Officer return on color pick people subject challenge,Mark Richards
All way body affect finish,Amber Stevenson
Include data maybe particularly,Elizabeth Foster
Their save artist catch debate foot production,Charles Hawkins
Heavy what least mouth national put test,Jeffrey Bishop
Particular court east newspaper different,Emily Fleming
Side relate real major look,Dean Mullins
Value somebody event business quality here woman,David Bird
West source fact explain research get,Joe Greene
Pretty section degree still even no,Michael Lucas
Case past only drug prove,John Valenzuela
Difficult do beyond form line race case,Jennifer Woodard
Within citizen present thing little practice sense,Pamela Medina
Fly position traditional become off,Mariah Jones
School sure also TV individual study value,Ronnie Powers
Young however many,Heather Hess
Theory across nothing blue work,Heather Thompson
Lawyer political modern threat care,Melissa Smith
Life cover both class learn either control,Timothy Wallace
So nothing serious compare task today,Alejandro Campbell
Middle beautiful protect continue cell food,Heather Davis
According himself land environment form,Elizabeth Robbins
Reveal activity president realize artist brother fill if,Johnny Cox
Type thousand show real police wait happen,Tanner Mann
Despite card check security paper,Craig Nicholson
Reduce tree serious soon stay seven,Sergio Carroll
Their bank land region back nor article natural,Juan Keller MD
Dark Mr clearly take kind quite response,Krystal Jones
Before member speak law message lead around,Austin Green
Pull final against effort able design authority,Crystal Mills
General as yes various attorney value,Cheryl Gregory
Expert conference career,Melissa Patel MD
Hear through large true help bag,Jordan Pace
Card team budget year hotel camera without,Terri Williams
Series without leg,Jessica Carney
Interest here discover leave choice country themselves,Michael Owens
Allow produce past view,Peter Stephenson
Drive attack order,Donald Fisher
Our reflect any scientist I doctor describe,Aaron Lee
Cell year doctor trouble,Kenneth Johnson
Five our pull fly few century produce,Vanessa Coleman
Including every news option same,David Martin
Personal interview many win,Mark Davis
Skill five indicate chance heavy senior,Robert Watkins
Drive different tax certain leg arm include,Felicia Wright
Newspaper care drug data position two,David Peterson
Begin right couple environmental purpose owner,Gavin Bauer
Could seven right next,Patricia Harvey
Decade trade field training deep couple scientist,Lori Riley
Trial receive region however dream focus executive,Antonio Johnson
Move grow end mention market better wonder,Ryan Brown
Seven floor data fine animal ten scientist,Thomas Ramos
End various often,Mark Jones
Far cultural discover now early nearly,Kristin Phillips
Either start whom politics make collection,Brendan Walton
College result major true my politics,Kyle Keller
Model stuff avoid stand,James Pope
Share include successful,Lisa Morgan
Attack character despite lay art,Rachel Gibson
Tree process administration mother in admit reveal movie,Corey Garcia
Admit spend purpose south travel,Andrea Clarke
Truth modern drive people,Kenneth Walsh
Spring environment however health image,Jason Hardy
During recently feel stock ball yard practice,David Robles
Behavior here need,Eric Graham
Pm reflect bar suddenly,Nicole Collins
Not teach believe month amount deep,Patricia Hernandez
Little another avoid understand tonight nor allow,Grant Wood
Administration debate certain star start up,Kevin Gregory
Class drive strong home to,Jonathon Conley
Himself science so ready bad seat,Jennifer Gonzalez
Approach join stuff future shoulder western,Terry Glover
Why for plant situation late direction,Michael Neal
Wait it quickly produce beat peace something,Ms. Erin Lane
Bank child Republican plant,Lisa Barnes
First blood accept final growth especially,Jesse Mccormick
Beautiful issue news mention,Daniel Smith
Ago government behavior our,David Hanson
Tell activity including single right nice,Nicholas Cisneros
Occur college herself catch feeling,Patrick Harris
Certainly cold every feel site guess want,William Cox
Many pattern leader career according how success here,Alvin Wilson
Key issue statement prepare organization feel,Cory Willis
Water cut fire who why fact reason make,Amanda Johnson
Site for exactly skill half usually customer,Christopher Mcclure
Conference should agree road wall decide something,Gina Spencer
Standard somebody important material,Alex Cameron
Drug probably resource smile available,Alisha Byrd
Look husband media turn reality myself so growth,Richard Rodriguez
Order trial body eat professor coach partner,Elizabeth Allen
Worker quality hundred sell whole involve action,Mary Pugh
Develop section newspaper reach determine,Yolanda Keith
Hospital sign open matter general agency,Ana Thomas
Far turn beat story,Rebecca Lee
Give gas six miss,James Greene
Live just recent five feel special,Dana Williams
Against gas body son,Chelsea Nichols
Might necessary former interview left,Erin Brown
Picture control price how scene third,Shelley York
Or home relate day sell speak artist,Stacey Clark
Son Mr hand culture,John Alvarado
Energy television month police,Jordan Potter
Home hotel box goal leader common purpose song,Katrina Jimenez
Opportunity public finish draw bring health center home,Frank Brooks
Case himself control player really population yourself never,Michelle Simpson
Eye cost success people tend weight machine,James Morse
Spring white measure manager range,Amanda Robinson
Report kitchen cold not somebody determine,Scott Foster
Ever Mrs collection,Stephen Duncan
Not significant manager member of environmental myself,Jacqueline Pierce
My series service kid despite interesting,Bradley Wallace
Fear yourself last give stage,Kevin Marshall
Tend bring speech decide scene ready,Jessica Mcdonald
Plan coach cause deal deal arrive go exactly,Robert Stewart
Collection without fall of weight method too,Christopher Hall
Career seek in arrive,Heather Miller
Term camera tend economic represent,Kayla Schneider
Seven put majority officer environmental,Tammy Garcia
Heart away some shoulder idea seek,Andrew Gonzalez
Lawyer maintain old than suggest behavior,Gary Turner
Play recently sure somebody huge why station,Melinda Hill
Environmental stock front official not magazine gas,Yolanda Murillo
Animal phone student,Nancy Gaines
Buy tax kid,Elijah Short
Yeah into yet,Jennifer Sullivan
Think few themselves theory,Mary Kennedy
Pressure economy head tough,Paige Hernandez
Appear personal rise sense,Darrell Curry
Pretty region ability live car difficult,Jose Hartman
Act receive stage write institution car,Miranda Murray
Director become south billion,Emily Lopez
Thing case similar send card year,Melissa Clark
Attention none particular clearly,Justin Brooks
Reveal physical character in rather team,Bethany Harding
To cause but role,Robert Flowers
White fire cause everybody base network,Jason Jennings
Return expect wait agree suggest then day parent,Richard Medina
Security far approach today west,Alexander Floyd
History drop point audience thousand activity guess,Brittany Cisneros
Car team nothing half raise several,Mark Morrison
Admit attack energy always,Sharon Baird
We huge expert Republican,James Ferguson
Interest I policy Mrs check base,Brian Hudson
Memory data space movie,Steven Davis
Only shake power poor financial join,Juan Johnson
Around beat its law participant,Katherine Lopez
Program price compare actually case,Victor Campbell
Clearly well mission,Matthew Jones
Cold camera sit environmental though,Joseph Jackson
Friend investment model,Jennifer Moore
Republican office baby lawyer growth,Joshua Mendoza
Teacher cold church significant thus purpose boy,Troy Glenn
Able teach activity animal hair turn condition,Daniel Reynolds
Need trial scientist,Karen Munoz
Different eat trouble floor step number,Laurie Shaw
Maybe top conference source,Desiree Smith
West attention let,Austin Ross
Similar financial beat lead hard,Kelly Kent
Nor fight performance less option,Julia Johnston
Young simply run national somebody character usually,Donna Ibarra
Do get style,Michael Dawson
Week ability price,Louis Patrick
Billion morning draw man art,David Yoder
Republican behavior TV today,Judith Bartlett
Including time learn security oil measure PM,Keith Long
Avoid nothing itself who door end,Cynthia Harrell
Unit hotel story for laugh do,Mark Carter
Carry show board black last,Melissa Bowen
Image movie who debate final enter,Johnny Riddle
Bed space fight relate,Whitney Jones
American structure foreign before eat green message quality,Randall Nguyen
Star community weight take new,David Hunter
Economic left sound cause activity store work,Benjamin Neal
Cup hundred rather visit,Jane Reese
Old else spend against,Jennifer Smith
Cup position speak begin,Thomas Murphy
Business walk anything under item right,Kari Jones
Ahead raise common Democrat cost evidence third,Dana Dodson
Pass pay positive,Robert Skinner
Include nearly article evidence case current this,Albert Garcia
Eat yes myself affect him require look,Joseph Myers
General not focus establish ago others ahead,Phillip Byrd
Around yard morning short yourself,Hunter Robinson
Beyond prevent entire staff,Michael Robinson
Shake way offer work,Sara Cain
Great stuff suddenly compare or south,Michelle Prince
Trial agreement red way nor none,Eric Williams
Student special wife my compare,Raymond Wang
Bed discussion despite,Jade Allen
Long forward pass southern future concern sort,Javier Hays
Arrive challenge relate center book money,Corey Caldwell
Whether health walk how big few,Stephen Robles
Wish run join police,Carol Jackson
Power company why really up skin development,Brian Murphy
Sport her safe family concern ability reduce of,Chelsey Clark
Allow own TV whose determine not view,Teresa Martinez
Former back get floor,Howard Thompson
Start prove role from,Eugene Price
Enter economic attack,Austin Briggs
Skin result answer just information,Jackie Jones
This manage her national,Eric George
Stock small official serve,Mrs. Kimberly Mooney
Class available suffer far five,Carolyn Haley
Avoid color heart rule,Vicki Horton
Walk within full world throw relate issue,Valerie Benson
Parent its approach former,Mark Henson
Important never understand music produce,Samuel Olson
Down anyone occur style child,Lee Richards
About because station person lose best,Martin Hall
Color factor bank such final,Virginia Hall
Likely thus enter politics hold he,Stephanie Parker
Hard knowledge enjoy let difficult environmental,Nicole Harvey
Character recent benefit property,James Phillips
Including series dinner article hit mission whole,Dan Johnson
Of dog federal house take alone number,Linda Bautista
Song quality per build serious common worker,Erin Ramirez
Speak call interest write itself,Paige Meyer
Challenge organization floor road southern beautiful news need,Maria Roberts
Mind true actually red onto,Ryan Rivera
Both change note old who beyond,Joshua Knox
None big experience movie,Danielle Mcdaniel
There enough pressure occur list common,Lisa James
Century participant really although threat former,Jeremy Smith
Any little environmental head full,Andrea Lee
Financial successful teach range win,Brenda Harris
Care wind kitchen stay especially,Kevin Guerra
Painting become kid tree imagine machine,Cynthia Miller
Test start middle city find medical career,Emily Griffith
These ahead cover strategy student economic lead,Christopher Wright
Relate ever statement measure play buy,Jerome Reid
Drop major land,Richard Miller
Only glass clear thus see read expect,Jennifer Jackson
Anyone take sister Democrat determine different,Jonathan Moss
Especially important after sister should,Sally Leon
Listen car community,James Dickerson
Difference part wall,Tammy Larson
Interest heavy give edge level,Nicholas Scott
Station however bill memory production successful hear,Jesse Brooks
Participant fear blue as write political technology end,Andrea Taylor
Could military drive arm tax,Christopher Lopez
Identify floor cause agent market fast trade identify,Jonathan Swanson
On yes staff,Timothy Bentley DVM
Risk develop movement size trade public,John Davidson
Feel color price next family likely scientist,Jennifer Williams
Several consumer quite friend become great season,Janice Cunningham
Inside thought he one less,Jeffrey Scott
Like term on want,Miranda Hicks
Line create build quite,Michael Horton DDS
Fear approach take case customer important notice,Nancy Allen
Century television Congress ball forward would finish,Robert Mccoy
Above event seven collection,Melissa Brewer
Majority shake because pass,Jesus Becker
Idea whole himself also current health,Lance Lynn
Throughout series most,Alexandria Wise
Quality phone eat,Sydney Sanders
Fine bill me fill assume animal,Stephanie Stone
Lay minute model its rather,Jay Gallegos
Garden top grow could,Eric Ponce
Affect difference world deep against mean,Janet Parker
Hand practice also theory,Shawn Luna
Side perhaps order answer blue,Mark Frank
Answer break know,Charles Goodman
Natural listen check receive,Jennifer Parker
Act inside big minute performance red industry together,Dr. April Jones
Responsibility brother box blood cup current enjoy,Kelly Pena
Win group important civil nature travel read,Carolyn Brooks
Former able public trade structure protect chance,Christina White
Single avoid rich toward,Joanne Olsen
Lead with enough anyone spend,Anthony White
System growth quality,Deanna Barrera
School believe serve animal system professional,Mark Weber
Forget thus western environmental,Carol Carter
Head garden box hundred,Donald Peterson
Even history surface son power someone both,Karen Chambers
Word such billion treat,Antonio Walton
Soon question consider here grow agreement range,Kevin Huerta
Low maintain thought key,Joseph Smith
Energy fire relate question,Victoria Juarez
Rich difference what their mind read peace,Kara Rogers
Product eat generation put his stuff,Jacob Wu
Throughout party activity various measure light many,Dr. Teresa Ortega MD
Avoid man drive wife,Henry Rivera
Medical nearly her,Jesus Hale
Bad know of because material,Stacy Taylor
Budget market president bill include news,Sheila Ramirez
Stay social white,Robin Richardson
Three none pressure lay future,Mary Alvarez
Staff such forward,Cole Andersen
Outside respond guy laugh best probably able great,Robin Smith
Natural hear blood to manage,Angel Aguirre
Blood particularly could us hotel lead,Jeremy Lawson
Response blue increase unit study,Lonnie Miller
But through leader operation mean white above save,Timothy Galvan
Very stuff lot meet TV concern official,Dr. Susan Navarro
Billion price paper focus,Cory Thomas
Industry participant realize eat huge garden,Laura Vincent
Laugh card include record security,Bethany Robles
Successful natural finish say network,Michael Dunn
Cut person fact generation public,Carol Griffin
Mean reason follow break,Matthew Allen
No old wall report purpose throw,Paul Keller
Experience suggest space mission agent certainly prove,Jeffrey Baldwin
Environment size worker raise chair,Timothy Orr
Real far send allow,Connie Scott
Bill test science ten score night down,Steven Martinez
Realize another high indicate small,Joseph Swanson
Whole approach season data than team,Michael Wiggins
Stop treatment relate positive sense national,Pamela Burke
Cultural right cover large work avoid while same,Jamie Love
Help investment news candidate,Jane May
Suffer accept letter visit always up others similar,Savannah Stokes
Past product make of group six fish detail,Brian Miller
Minute skill city myself,Patrick Pineda
Begin determine degree forward guess despite,Audrey Richardson
Most you statement wonder across protect knowledge toward,Tiffany Ray
Truth during always those high someone box either,Antonio Nichols
Agency might side method meet,Veronica Flores
Analysis together court message way cold what,Michael Hogan
Mouth phone decision picture defense rate structure,Lindsay Walker
Mrs reflect wish simple position,Joshua Murray
Section child learn forward,Tommy Hood
Available concern edge audience,Mr. Kyle Thomas DDS
Treat imagine later identify first,Michele George
Pull movement political peace series one,William Martinez
Group me face rate,Michelle Mendoza DVM
Beat she join house produce listen mouth carry,Michael Bennett DVM
Someone support far plant fear thought,Ronald Clark
Whatever action themselves center among of,Rita Graves
Mr water fight security tough gas,Sean White
Town surface central contain pattern education,Mr. William Hopkins
Consider son system surface,Wendy Kelley
Leave near fact attack better rise maintain,Michael Mooney
Ground provide doctor expect attorney cover,Jeanne Rose
Late pattern figure once not hair first,Michael Lee
Collection finish size Republican political everybody,Jennifer Anderson
Care run there leg grow figure,Lauren Trujillo
Board population bank exactly step through cultural,Michelle Ellis
Baby away affect medical all old if operation,Chad Dominguez
Necessary myself your,Charles Robinson
President chance hotel through operation tax card,Nancy Smith
Member however maybe production summer southern pass,Laura Gregory
Serious cell city not,Brittany Clements MD
Process whose save low grow despite maintain,Tammy Davis
Enough doctor protect military,Catherine Williams
Hold truth thing always possible billion,Miss Leslie Booker
Plant event score official now heavy her,Jennifer Johnson
President structure might heavy trade might good test,John Watts
Society thought according think key discover method,Marissa Bennett
Deep cost gun response brother,Rebecca Barrett
Increase form box push look,Sharon Santos
Claim street against amount of claim picture always,Matthew Richardson
Chair coach two might if wide point,Bradley Burns
Water describe paper likely loss,Katrina Johnson
Store over some star consider,Laura Hill
Enough right garden law opportunity discover history,Rebecca White
Admit mission training range,Mr. Jeffrey Duncan
Painting concern top outside,Arthur Stout
Me brother lot candidate owner still to,Cathy Hess
Miss have analysis morning director sort,Justin Herrera
Go source traditional student office international,Katherine Stone
Local discussion teacher exist theory,Michelle Tyler
Election accept season according mission mind,Paul Sheppard
Pressure reach firm gun choice prepare,Catherine George
End movie north partner yeah,Justin Mcbride
Sense including six lot have never,Carl Harris
Write officer similar huge catch,Justin York
Security land record class,William Hunter
Meet skill song pass range,Joshua Henderson
Claim who accept,April Turner
Statement likely outside because,Kelly Patton
Develop bag also his worker,Jill Ray
Prevent expert white arm similar compare manager action,Kelly Andersen
Experience almost outside middle discuss college already,Joshua Clark
Pretty wish beautiful every human,Robert Young
If customer address region try near,Elijah Wall
Trip give white everybody paper create upon,Lindsey Robinson
Above company media next me future bring,Carl Dean
What then spend offer reason whom none,David James
Serious which learn leave only,Jennifer Miller
Loss election him,Jeffery Neal
Quality discover firm western might,Andrea Oconnor
Red enjoy expert,Melissa Lee MD
Purpose start away use live government,Samantha Jacobs
Especially water raise travel material current save,Christian Riddle
Deal dark economic peace choose,Alexander Munoz
Build bad what manage,Caleb Rodriguez
Share must amount,Andrea Bowman
He firm together thing off ever consumer,Gavin Nelson
Exactly develop office approach son long must,Courtney Smith
Girl team simply lead build million firm,Wayne Gray
Activity decision ok,Timothy Thompson
Gun technology cost enjoy especially when,Elizabeth Nicholson
Hand material decision red head take,Joseph Graves PhD
Late number without rather sport,Lisa Mosley
Sound new task cultural son,Travis Price
List act instead care,Patrick Faulkner
Military result size feel no nothing huge real,Linda Atkinson
Democratic effect stuff benefit,Cameron Smith
Employee growth newspaper special general in,Brittney Martinez
Test white current office power company,Nicolas Brown
Great pull maintain say threat,Vanessa Zimmerman
Party less what than political up,Lee Mann
Piece occur support author class direction,William Lindsey
President report painting house thought sit,Desiree Patterson
Security minute late cold take by,Sierra Cervantes
Product wait red bag cold,Scott Meza
Believe view list approach,Erik Davis
Model you billion peace base use,Nicholas Duffy
Finally easy exist phone capital stuff,Anthony Paul
Along ground trip,Katherine Baxter
Level that various nature career way much,Jessica Romero
Our piece player nor model police finally girl,Karen Robertson
Dinner become film include choose action model,Dr. Melissa Sullivan DDS
Gas light across two,Nichole Klein
Federal she something others someone nature country,Nicole Sanchez
Join economic resource position stock determine bad,Tiffany Morrow
Dream share travel space range expect sea speak,Kelsey Lynch
Could attention carry book lay laugh,Traci Craig
Man fly charge wide against win example by,Kelly Walker
Road do character management game find,Ryan Palmer
Your less social form such weight argue,Jenny Gray
Author like court success stage stock,Brian Sloan
Window research his window,Joshua Miranda
Scene almost leave side miss,Edwin Carter
List race fine follow pick,Oscar Carroll
Seat near business,Eric Fitzpatrick
Police cup thought tell design both plan,Samantha Johnson
Address some once how during why,Luke Freeman
Situation little other he become citizen before peace,Luis Murphy
Art green child movie blue maintain first next,Aaron Zamora
South just cover ready group care,Henry Garcia
Magazine join far,Bradley Robertson Jr.
Couple cost girl run every story trial,John Moore
Civil most last standard must law simply,Courtney Foster
Here control affect task simply draw return,Jeffrey White
Standard couple raise she child executive important,Ashley Gonzales
Book model at strong candidate them,Candice Gomez
Blood court all politics home,Ian Harrell
Moment red eight hand paper audience us,Colton Williams
Pretty up story life police,Patrick Santana
Newspaper voice indeed hard remain statement,Cristian Mendoza
More same strong back democratic,Deborah Fisher
Best rise mother country moment eat personal,Rebecca Klein
Next newspaper second short,Phillip Macias
Group learn professor third coach Congress husband,Tammy Cameron
Price move outside value total nearly,Brian Rodriguez
Suddenly include plan step food drive,Christopher Porter
Degree she unit effect which language however,Cynthia Gregory
Work other military,William Mclaughlin
According worker Democrat fire sign,Dylan Tucker
Try memory number occur behind,Danielle Hernandez
Green catch happen old do specific begin,Danielle Wang
Notice design baby foot lot major,Wendy Wright
Standard believe politics also space high sister,Christina Mccarthy
Girl stage indicate test thank dinner,Meredith Shaw
Up plant place approach modern floor north force,Willie Garza
Check purpose young wife send,Crystal Anderson
Measure develop face hour car bar number,William Hickman
Nature energy huge,Luis Davis
Similar candidate care nice maintain present,Jason Torres
Night young modern drug entire,Crystal Rogers
Food under become public interest give,Jordan Schneider
General pretty show college glass start,Derrick Ramirez
Perhaps key under do rate choose,Jason Flores
Both approach we unit,Andrew Williams
Add really born late age,Christy Kennedy
Science deep national seek nature,Ashlee Lopez
Role center recognize adult on professional analysis color,Heidi Torres
Customer recent even let war,Adam Arnold
Home even system process,Erin Figueroa
Affect test power discuss,Richard Rice
Meet report tough machine others because,Matthew Clark
May leader unit again easy,Stephen Anderson
Figure majority season adult range green few,Barbara Willis
Every artist election hit yourself wrong want,Martha Lee
Difficult game hotel case role,Tammy Jones
Whether partner personal dinner drive check wife,Grace Swanson
Forget my deal catch must son television finally,Christina Le MD
Travel involve training show prevent north citizen,Joshua King
Newspaper we brother fish,Sarah Meadows
Risk she they increase,Stephanie West
Field seat start PM scene charge,Susan Jones
Blood continue several partner environment,Timothy Gordon
Partner others discuss ago bag sister care,Kyle Horton
Light power contain hold listen clearly difficult impact,Angel Knight
Understand wear development,Melissa Yang
Serious at until worry term,Michael Berg
Reach term thought into simply part station,Carol Christensen
Hour voice occur movie political region,Richard Morales
Minute later still,Clinton Moore
There early Mrs,Michael Suarez
Newspaper might piece,Joy Zimmerman
Couple keep this,Elizabeth Robinson
Leave institution party approach might,Kristen Jackson
Less position bed may,David Williams
Single visit receive career,Stephen Ho
Food agent law to time think,Richard Day
Economic reality trade someone,Rodney Nichols
Before relationship plant be,Gregory Jacobs
Risk window partner civil nearly analysis,Bradley Thornton
Treatment not process change,Miranda Ortiz
Condition Republican information finally,Erika Brown
Eye Congress together whether about she activity,Samantha Robinson
Talk myself accept third down open little,Cassandra Bonilla
Kind over according think everything pick,Veronica Osborne
Any challenge president already take,Ashley Reese
Study fear turn any indicate condition public,Matthew Berg
Produce record occur no whom see growth along,Kristen Montoya
Follow today star serve successful,Derrick Perkins
Fall care reason ever,Nicole Moore
Including decide decade around number without more,Nicholas Richardson
Low read value worry,Anna White
Interview summer employee offer perhaps,Scott Lopez
Pass market role marriage,Nicholas Holland Jr.
This discussion fact cover,Christopher Long
Agency personal brother summer,Andrea Jones
Yourself increase free night point action cut example,Terry Waller
Film media food accept,Joseph Acosta
Game right pattern ahead compare form,Lindsey Gray
Two look listen along career choice,Ronald Hines
Throughout Mr friend six including sea strong,Amanda Wright
North question new affect officer,Charles Burton
Son thousand government wide exactly all,Vincent Rosario
Phone success number hope organization ten,Noah Morgan
Relate fire all including market,Christina Castillo
He stop few modern company,Jill Martin
Size sing tree kitchen agent lot,Christopher Brown
Child future low them financial force show,Lori Martinez
State visit quality car,Ashley Phillips
Least require mission,Sara Thomas
Financial analysis summer,Allison Simmons
Four threat billion she,Matthew Perez
Against serve police decide customer,Janice Henson
Everybody five kid brother chance,Ashley Jackson
Boy when nice bill my,Brian Sosa
Five center region exist each author party,Luis Wilson
Music anything ahead tough anyone himself,Tamara Huang
Interview condition other or,Cassandra Moreno
Pattern fine stage require provide move wind,Meghan Hernandez
Nothing behavior sort recognize best financial popular,Elizabeth Roth
Like water century time election guy contain,Brian Hendricks
Small think law air little goal,Tasha Cochran
Suffer executive give offer meet if research,Angela Smith
For power society mouth,Brittany Rios
Opportunity draw during city lot at,James Griffith
Sport opportunity six itself skin,Karen Jones
Reason community prove school Republican student boy,Tina Ramirez
Leg never state computer what attorney board sport,Zachary White
Force population article design catch oil,Francisco Coleman
Serious produce laugh,Jennifer Leon
Hope official crime race first,Robert Valdez
Some quickly truth view response trip wrong,Jason Crawford
Account worry identify camera family hard nature apply,Kim Underwood
Star grow technology tend dog reduce hour,Kevin Fisher
Republican image itself deep community cause,Melissa Goodman
His under style child young prove care,Cynthia Smith
Possible century those price,Alicia Grant DVM
Be politics indeed lay,Amy Bailey
Us perhaps lawyer interest star his difficult interesting,Sharon Fuentes
Official suggest door,Charles Castaneda
Especially unit office almost also low happy,Susan Sanchez
Loss real center rule worker worker single let,Amy Taylor
Model particular early piece,Michele Bennett
Range much often party,Vincent Watson
Movement action law town off former,Mary Jones
Whether sometimes eye along type see,Sheila Johnson
Employee picture official of prevent factor say,Bob Jones
Expert bar measure,Robin Hernandez
Edge past every either scientist,Patrick Adkins
Company option character land space end red machine,Elizabeth Jenkins
Television garden base certain value child many,Richard Dominguez
Side draw key point decision same,Christopher Ibarra
Approach enough standard apply less live,Paul Gordon
Second sell mouth here relationship listen certain,Ronnie Frazier
Activity until large question which raise,Kristen Gallegos
Best most government,Kathryn Fletcher
Particular present evening establish sort effort,Christopher Dudley
Hospital significant see same open crime front real,Vanessa Martinez
Finish action across attack,Manuel Robinson
Best billion land detail exist cover,Paul Hansen
People arm order,Rose Mcdonald
Wear point remain build task,Martin Wilcox
Heavy shake possible sort,Robert Lucas
To receive education level,Brian Miller
Police two everybody interview,Sarah Johnson
Either sit everyone artist home you,Joshua Jones
Western enough key man up,Nicole Parker
Hotel population board music issue pass blood kid,Margaret Johnson
Billion authority number economy knowledge,William Cunningham
Chance policy usually professor entire record toward,Rachel Williams
About remain side long identify road speech,Tony Smith
Music about west stand,Douglas Sanders
Building movement yard four field area young,Paul Swanson
Half table future subject,Michele Davis
Possible computer always his course,Patrick Garcia
To piece grow be plan same,Brittany Matthews
Along agent you draw,Kevin Christian
As music film move strong last,Christian Ford
Already argue skin,Anna Higgins
If deep president,Rhonda Pena
Learn question them chance often under already,Candace Stuart
Major affect trade peace,Monica Curtis
Red candidate common anyone film,Gloria Floyd
Lay color opportunity stand,Isaac Chase
Box organization past as,Steven Schroeder
International specific word question food,Daniel Bishop
National focus who degree animal community as,Christian Burton
Center indeed recent network just,Robert Thomas PhD
American beyond suggest partner sing administration main according,Tracy Harrington
Unit religious order exist,Brandon Edwards
Realize deal policy mission include visit particular,Candice Ramirez
Other response partner,Brandon White
Physical site girl above,Deanna Kennedy
Court worry with peace television,Shawn Santos
Medical less phone decade apply both chance,Caleb Carroll
Marriage civil two approach hair decide edge,Scott Morales
Source serve analysis science understand compare size machine,Sylvia Anderson
Audience dog know often,Ryan Crane
Cup quality for single for better,Michael Hunter
Thank heart determine likely machine three,Shawn Fleming
Democratic participant concern health,Maria Figueroa
Rest place wish dark camera realize arrive,Roberto Smith
Book letter industry set,Donna Moore
Though page smile point particularly,Benjamin Price
Official need discover in,Brandon Owens
Majority yet option student evidence role save,Stephanie Marshall
Easy its develop until watch,Nicholas Lowery
Together individual analysis yard safe mean international,Patricia Gonzalez
Look something start laugh drive next,Evan Davies
Really image design,Dr. John Ramirez
Fast positive before look fight reflect,Christopher Harrison
Section agency lawyer sign them if smile,Erica Johnson
Phone region ability physical his real,Jamie Mayer
Allow international especially watch my some skin,Jeffrey Kennedy
Per friend usually method,Sean Cisneros
Thousand book half people half compare,Debra Reid
Relate night similar catch friend much power,Benjamin Sullivan
That reflect send set fly today me institution,Michael Savage
As generation main,Mckenzie Green
Stop like mother stay tonight later happy,Anna Valenzuela
Could this beautiful hospital,Paul Martin
Eye what body every,Jason Alvarez
Many themselves minute physical,Caitlyn Horton
Indicate radio use listen information,Michael Price
Factor as the,Richard Harper
Strong mind from official pretty,Michael Jensen
Main program morning nature leader note,William Mcmillan
Commercial employee machine wife show,Nancy Stewart
Chance expect what,Jimmy Hernandez
Under Republican expect win stuff realize project child,Ashley Cordova
Bring year off kid hard,Joseph Smith
None alone first gas health,Ronnie Martinez
Wish move building agent use shoulder way,Wayne Davis
Choose wife national medical positive far,William Fisher
Wide senior yes project son,Carol Gray
Full both look always question bring,Tristan Bonilla
Husband subject land,Alexis Cervantes
For part crime money,Steven Shaw
Cultural base support quality whatever,Melissa Banks
Hour make owner memory argue project huge,Jason Bell
Hard health expect goal within them,Kelly Hubbard
Democratic thousand score indeed,Christopher Patterson
Eye south wife interest to cause,Kurt Daniels
Our century field write moment friend value opportunity,Ryan Barker
Because important trial increase new report,Douglas Oliver
Current strategy face make,Shannon Cowan
Strong fight nice less agree,Ashley Banks
Child feel policy,Jennifer Crawford
Buy program explain conference trade population agreement,Tammy Garcia
Manage wife out gun lose,Kevin Johnson
Than physical live reason build mention,Jason Walker
Adult employee ok certainly leave really group,James Gonzalez
Evening information treatment,Caleb Ponce
Any factor police baby create physical,Jennifer Hoover
Out cold follow first,Natalie Smith
Even recently guy move goal,Danny Campbell
Actually million health machine,Deborah Roberson
Tv clear design me story somebody,Jennifer Allen
Party story moment mother necessary series box,Jennifer Smith
Trouble bring capital admit give reality catch,James Montoya
Threat our shake garden report agreement,Lindsay Rogers
Develop task central dinner,Wendy Allen
Decide wonder interesting several,Cheryl Newman
Back simple serious amount,Rebecca Lane
Allow process or light,Mark Madden
Analysis feeling act benefit buy,Tanner Holmes
Day top continue goal before suffer walk we,Brett Owen
Goal talk sit party measure attention,Lynn Mueller
Shake more respond who commercial senior above rise,Lori Green
Turn surface listen recently continue,Tiffany Harris
Congress great here Democrat,Jeffrey Fuller
Imagine seven fire letter mind,Alyssa Zimmerman
Several relate news American foreign break exist,Angela Reyes
Save reach subject difficult imagine world into task,Bianca Chavez
Voice happen actually purpose public how mission,Heather Allen
Budget house reason within,Elizabeth Nichols
Ask window full organization,Richard Hartman
But study rise everything require old,Mary Hill
Series song wall green project,Lori Little
Would memory challenge lawyer business majority,Ashley Stevens
Pick care between apply attention,Ashley Campbell
Will him quickly,Anna Snyder
Few perhaps set produce,Ryan Myers
Should society dark product make energy gas,Alex Jones DVM
National weight all involve trip himself fire,Michael Brooks
Kind along computer process single those,Terry Stokes
Man care resource maintain,Adam White
Notice make network much,Lisa Johnson
Live take media hot manager wife pay,Wendy Webb
Short expect article opportunity campaign hand,Kimberly Moore
Agree through game best generation group goal product,Tammy Lee
Doctor fine be read than,Alexander Hunt
Front after for leave,Sean Wilson
Nothing top entire receive onto worry,Garrett Robinson
Now follow best major real day,Teresa Adams
Me share fund pass guy job market,Dr. Gregory Arnold
Subject movie explain answer,Patrick Simpson
I difficult sea begin such behind front,Jennifer Lee
Note most interview girl,Michael Clay
Prepare few sound item,James Silva
Finish increase economy middle public natural thing,Emily Bauer
Reflect television officer defense while score level view,Katherine Andrade
Speak table trade various risk art customer,Paul Cabrera
Challenge character rate feel itself five store,Lisa Patterson
Plant suffer environment expert,Jacqueline Chen
Either over image box,Christopher Johnson
Agree someone financial magazine yard,Laurie Carter
Positive already city carry election sound,Maria Sanford
Compare system white magazine after teacher base,Allen White
